WKT,name,description
"POLYGON ((106.7656737 -6.2903904, 106.7540007 -6.3101829, 106.745761 -6.3101829, 106.7430144 -6.3183726, 106.7498808 -6.3367991, 106.7471343 -6.3559074, 106.7443877 -6.3661436, 106.745761 -6.3777445, 106.7430144 -6.3920746, 106.7409545 -6.4050396, 106.7361479 -6.4050396, 106.7292815 -6.429604, 106.7347746 -6.4377918, 106.7279082 -6.4568963, 106.7292815 -6.4766823, 106.7334014 -6.4835049, 106.7361479 -6.4896451, 106.7567473 -6.497832, 106.7567473 -6.516252, 106.7643004 -6.5264851, 106.7725401 -6.5414931, 106.7746001 -6.5551365, 106.7890196 -6.5599115, 106.8006926 -6.5640044, 106.8075591 -6.5687794, 106.8267851 -6.5701437, 106.8343382 -6.5646866, 106.842578 -6.5646866, 106.8480711 -6.5483148, 106.8515044 -6.5312604, 106.8569975 -6.5210275, 106.8679839 -6.4998787, 106.8707305 -6.4848694, 106.8878966 -6.456214, 106.8913298 -6.4439326, 106.894763 -6.4289216, 106.8988829 -6.4064043, 106.8954497 -6.392757, 106.8961363 -6.3832036, 106.8954497 -6.366826, 106.8872099 -6.3327044, 106.8858367 -6.3170077, 106.8830901 -6.3067704, 106.8707167 -6.308437, 106.8597304 -6.305707, 106.8460112 -6.303358, 106.8356978 -6.3022946, 106.8171584 -6.2927396, 106.806172 -6.2927396, 106.7855864 -6.2924379, 106.7752867 -6.2883429, 106.7656737 -6.2903904))",Kota Administrasi Depok, Jawa Barat ,
